time_s,desired_position_rad,desired_velocity_rad_s,position_rad,velocity_rad_s,outer_velocity_command_rad_s,inner_position_target_rad,actuator_force_nm,command_change_rad_s
0.0,-1.2,0.0,-1.199821874911235,0.0025426044119795763,-0.0005167593400234871,-1.1999069833187956,-0.08186104460446586,-0.0005167593400234871
0.02,-1.199876640091433,0.012334976245440842,-1.1998011027866131,0.00044948341757165074,-0.000273825900989344,-1.1999124598368154,-0.11098538616897713,0.0002429334390341431
0.04,-1.199506682107068,0.024657779358547165,-1.1997922958386515,0.00040185776676801663,0.0014721033977260767,-1.1998830177688609,-0.08974218175103488,0.0017459292987154207
0.06,-1.1988904911507698,0.03695624822039638,-1.1996992770411439,0.0029882603014086567,0.0045090234394085105,-1.1997928373000728,-0.09014484215458651,0.003036920041682434
0.08,-1.1980286753286193,0.04921824572703399,-1.1994704138943413,0.006352522395359359,0.008353008562622666,-1.1996257771288203,-0.15062219339324656,0.0038439851232141553
0.1,-1.1969220851487843,0.061431670767329825,-1.1991839638208528,0.007518641609689365,0.012741643727784968,-1.1993709442542646,-0.18209829084958074,0.004388635165162302
0.12,-1.1955718126821722,0.07358447016531379,-1.1987783979459834,0.008468869776225397,0.018060755693403152,-1.1990097291403965,-0.23720762676634877,0.005319111965618184
0.14,-1.1939791904846868,0.08566465057520536,-1.1982604084272308,0.008371265531935384,0.02399603730648292,-1.1985298083942668,-0.29117268510117356,0.005935281613079768
0.16,-1.1921457902821577,0.0976602903173978,-1.1976038603513979,0.008742477720923712,0.030573090725365404,-1.1979183465797596,-0.35364338940189555,0.006577053418882484
0.18,-1.1900734214192357,0.10955955114371671,-1.1968032104173427,0.00893719495009473,0.037652194660811045,-1.1971653026865434,-0.42018867012484407,0.007079103935445641
0.2,-1.1877641290737884,0.12135068992034165,-1.1958487500209354,0.00918558979885846,0.04519540671777178,-1.196261394552188,-0.49077378227002555,0.007543212056960735
0.22,-1.1852201922385563,0.13302207021686158,-1.1947332640278154,0.00937725213520661,0.05314278891189517,-1.19519853877395,-0.5647979665109233,0.007947382194123387
0.24,-1.182444121472063,0.14456217379002662,-1.1934488965449352,0.0095632928999938,0.06144571277876265,-1.1939696245183749,-0.6427413897206407,0.008302923866867484
0.26,-1.1794386564209953,0.15595961195086366,-1.191990539499352,0.009760587651603756,0.0700512006196996,-1.1925686005059808,-0.723217656418683,0.008605487840936954
0.28,-1.1762067631165047,0.16720313680393736,-1.1903580008424184,0.009823586530445095,0.07891888191423613,-1.190990222867696,-0.7995706727956531,0.008867681294536522
0.3,-1.172751631047092,0.17828165234766488,-1.1885408468880905,0.009925188819993953,0.08803184897663185,-1.1892295858881634,-0.8791361165049238,0.009112967062395727
0.32,-1.1690766700109658,0.18918422542473004,-1.1865372604716753,0.01001125064403788,0.09732088438562325,-1.187283168200451,-0.9596357227305816,0.009289035408991397
0.34,-1.1651855067509858,0.19990009651178928,-1.1843438856976451,0.01010483223645204,0.10675876860344768,-1.1851479928283821,-1.0415650190448105,0.009437884217824433
0.36,-1.1610819813755038,0.2104186903378225,-1.1819588577062636,0.010197761921177034,0.11630952161070685,-1.182821802396168,-1.124371854052697,0.00955075300725916
0.38,-1.1567701435686404,0.22072962632064866,-1.1793806462814502,0.010290964520530153,0.12594357068811624,-1.1803029309824058,-1.207873431200369,0.00963404907740939
0.4,-1.1522542485937368,0.23082272881130708,-1.17660833262948,0.010385166737920162,0.13563198843856705,-1.1775902912136345,-1.2918223283700172,0.009688417750450817
0.42,-1.1475387530939225,0.24068803713619447,-1.1736415387398458,0.010478829025993569,0.14534789767778777,-1.1746833332600788,-1.3759827487472194,0.009715909239220721
0.44,-1.1426283106939472,0.2503158154270474,-1.1704803589688921,0.010572706912395048,0.15506614022949283,-1.1715820104554888,-1.4601516157274546,0.009718242551705059
0.46,-1.1375277674076147,0.2596965622290684,-1.167125369128258,0.010665970349780892,0.16476295780638694,-1.168286751299361,-1.5441232415043942,0.009696817576894112
0.48,-1.132242156855353,0.2688210198777153,-1.1635775744585732,0.010758742805839073,0.17441606136452514,-1.1647984300720706,-1.6277119132641928,0.009653103558138199
0.5,-1.126776695296637,0.2776801836348979,-1.159838397562313,0.010850672020765756,0.18400439580968153,-1.161118342155877,-1.7107386856398534,0.009588334445156388
0.52,-1.121136776482172,0.2862653105755677,-1.1559096499581043,0.010941640700760943,0.19350810540070484,-1.157248180047863,-1.793035665005391,0.009503709591023313
0.54,-1.1153279663309128,0.2945679282159292,-1.1517935125172738,0.011031451279000843,0.2029084181359575,-1.1531900116851437,-1.874443781747459,0.009400312735252658
0.56,-1.1093559974371723,0.30257984287475853,-1.147492515450238,0.011119945149584826,0.2121875754005076,-1.1489462601771336,-1.9548122071573744,0.009279157264550086
0.58,-1.103226763413244,0.3102931477595776,-1.1430095196692769,0.011206966197090003,0.22132876018497005,-1.1445196849734343,-2.033998104279817,0.009141184784462464
0.6,-1.0969463130731183,0.3177002307697037,-1.1383444503170193,-0.058272194571397144,0.23031603298079295,-1.1399133643138184,-2.321959639506076,0.008987272795822898
0.62,-1.0905208444630325,0.3247937820084738,-1.1335120341479774,-0.008781369969267963,0.23911802926993353,-1.1351310037284197,-2.246634869668469,0.008801996289140579
0.64,-1.083956698744749,0.33156680099723007,-1.1285005521594402,-0.030133930890762613,0.2477766770161416,-1.1301754701880968,-2.388492316015345,0.008658647746208059
0.66,-1.0772603539375927,0.3380126035839471,-1.123324951853329,-0.0096277489349952,0.2562009911092378,-1.1250514503659121,-2.4000396282410748,0.008424314093096186
0.68,-1.0704384185254288,0.34412482853968296,-1.1179862611263707,-0.014342414804045588,0.2644326666395014,-1.119762797033122,-2.4846104456466946,0.008231675530263605
0.7000000000000001,-1.0634976249348866,0.34989744383634414,-1.1124867167273493,-0.003974745566550962,0.27244318095742015,-1.1143139334139738,-2.5248871099406642,0.008010514317918771
0.72,-1.0564448228912682,0.3553247525995692,-1.106835552323867,-0.0031562800895145945,0.2802094691804058,-1.1087097440303657,-2.588567076739537,0.00776628822298564
0.74,-1.049286972658695,0.3604013987308557,-1.1010332230460744,0.0034152494377818056,0.2877428983258601,-1.1029548860638485,-2.635646341367419,0.007533429145454296
0.76,-1.0420311381711695,0.36512237219338306,-1.0950887023517248,0.00603065392815126,0.2950104243745244,-1.097054677576358,-2.690207646479621,0.007267526048664319
0.78,-1.0346844800613229,0.3694830139563138,-1.0890045747335884,0.010877276530493456,0.30202111145200994,-1.0910142553473179,-2.7372863197949755,0.0070106870774855334
0.8,-1.0272542485937368,0.37347902059269444,-1.0827878539545954,0.014072516193828028,0.3087516306992577,-1.0848392227333328,-2.7863199619634997,0.006730519247247768
0.8200000000000001,-1.0197477765098073,0.3771064485264188,-1.0764438366676932,0.017985307458376582,0.3152003872239406,-1.0785352149888539,-2.8309000499857575,0.006448756524682908
0.84,-1.0121724717912137,0.38036171792406076,-1.069978341846235,0.021210745723433212,0.3213568243823972,-1.0721080785012058,-2.8751090013511202,0.006156437158456596
0.86,-1.0045358103491355,0.38324161622773845,-1.0633976688329578,0.0245353967413123,0.3272126574854972,-1.0655638253514959,-2.916299583616137,0.0058558331031000055
0.88,-0.9968453286464312,0.3857433013255204,-1.0572744216087873,-0.08580324740026193,0.33276170093263335,-1.058908591332843,-2.94,0.005549043447136137
0.9,-0.9891086162600577,0.3878643043562473,-1.050244711174665,0.021420183107908657,0.34082902674364757,-1.05209201079797,-2.94,0.008067325811014214
0.92,-0.981333308391076,0.38960253214599944,-1.0432989671898754,-0.03268177595152369,0.34455701391794435,-1.0452008705196112,-2.94,0.0037279871742967874
0.9400000000000001,-0.9735270783296286,0.3909562692738072,-1.036376062398566,-0.010370556430582916,0.34885944430123383,-1.0382236816335866,-2.94,0.0043024303832894795
0.96,-0.9656976298823283,0.3919241797645642,-1.0291841990014232,-0.002232896793374499,0.35339216258118866,-1.0311558383819628,-2.94,0.004532718279954828
0.98,-0.9578526897695321,0.39250530840747316,-1.022075710366123,-0.011954101667450152,0.35665754615945566,-1.0240226874587737,-2.94,0.0032653835782670004
1.0,-0.95,0.39269908169872414,-1.014813761867787,0.002829404227770254,0.36037855183061573,-1.0168151164221613,-2.94,0.0037210056711600714
1.02,-0.9421473102304678,0.39250530840747316,-1.0075220611195237,-0.002056684235518573,0.3633322581865961,-1.0095484712584293,-2.94,0.0029537063559803567
1.04,-0.9343023701176716,0.3919241797645642,-1.0001837106684415,0.0032124269869615984,0.3660984550092605,-1.0022265021582442,-2.94,0.002766196822664435
1.06,-0.9264729216703713,0.3909562692738072,-0.9927813334131759,0.0050758791537716275,0.36855394499035077,-0.9948554232584371,-2.94,0.002455489981090242
1.08,-0.9186666916089239,0.3896025321459994,-0.9853582014237787,0.005540510729209469,0.3705732090212599,-0.987443959078012,-2.94,0.002019264030909129
1.1,-0.9108913837399422,0.38786430435624725,-0.9778920502190164,0.008201316384294347,0.3723340884191828,-0.9799972773096283,-2.94,0.0017608793979229098
1.12,-0.9031546713535687,0.3857433013255204,-0.9704062594074013,0.00828015129273922,0.3736868943272381,-0.9725235394230836,-2.94,0.00135280590805531
1.1400000000000001,-0.8954641896508644,0.3832416162277385,-0.9629026091381984,0.009439779696487887,0.3747103487826847,-0.9650293324474298,-2.94,0.001023454455446604
1.16,-0.8878275282087863,0.3803617179240608,-0.9553870830744858,0.00972295356647808,0.3753754046470603,-0.9575218243544886,-2.94,0.0006650558643755966
1.18,-0.8802522234901926,0.3771064485264188,-0.9478703870365858,0.009696314143351852,0.3756742979214661,-0.9500083383960594,-2.94,0.00029889327440579816
1.2,-0.8727457514062631,0.3734790205926945,-0.940356389740552,0.009572249644208015,0.3756231781516134,-0.9424958748330271,-2.94,-5.111976985272548e-05
1.22,-0.8653155199386771,0.3694830139563138,-0.9328544431024138,0.008876804396481905,0.3752043490093748,-0.9349917878528397,-2.94,-0.0004188291422385637
1.24,-0.8579688618288305,0.36512237219338306,-0.9253708807096246,0.00803350500968199,0.3744279063679168,-0.9275032297254813,-2.94,-0.0007764426414580416
1.26,-0.8507130273413048,0.36040139873085575,-0.9179129997222526,0.006783103048827235,0.3732892668415988,-0.9200374443886493,-2.94,-0.001138639526317986
1.28,-0.8435551771087317,0.35532475259956914,-0.9104883232737228,0.0052281029973129355,0.3717891130676043,-0.9126016621272972,-2.94,-0.0015001537739944837
1.3,-0.8365023750651133,0.34989744383634414,-0.9031036886212294,0.0033688450733900324,0.36992974104304743,-0.9052030673064363,-2.94,-0.0018593720245568823
1.32,-0.8295615814745712,0.34412482853968285,-0.8957665298052072,0.0011640567002158255,0.36771053573329104,-0.8978488565917705,-2.94,-0.002219205309756389
1.34,-0.8227396460624071,0.3380126035839471,-0.8884838503580442,-0.001338081819807577,0.36513441871400043,-0.8905461682174904,-2.94,-0.0025761170192906135
1.36,-0.8160433012552507,0.33156680099723,-0.881262773984791,-0.004167916272929115,0.3622027455139676,-0.8833021133072111,-2.94,-0.002931673200032847
1.3800000000000001,-0.8094791555369673,0.3247937820084738,-0.8741103621771955,-0.007307610525355971,0.35891809223911886,-0.8761237514624287,-2.94,-0.0032846532748487256
1.4000000000000001,-0.8030536869268817,0.3177002307697037,-0.8670335588462419,-0.01075742829395657,0.3552833762515689,-0.8690180839373973,-2.94,-0.0036347159875499413
1.42,-0.7967732365867559,0.31029314775957767,-0.8600393080688016,-0.014517551956503023,0.35130161129742987,-0.8619920517114488,-2.94,-0.003981764954139044
1.44,-0.7906440025628275,0.30257984287475853,-0.8531344307594019,-0.01857973339350989,0.3469765275298703,-0.8550525211608514,-2.94,-0.004325083767559579
1.46,-0.784672033669087,0.29456792821592925,-0.8463256896315206,-0.02294405987895639,0.3423119854515744,-0.8482062814518199,-2.94,-0.004664542078295919
1.48,-0.7788632235178278,0.28626531057556764,-0.8396197526139636,-0.02760433766127989,0.3373123305684639,-0.8414600348404506,-2.94,-0.004999654883110494
1.5,-0.7732233047033631,0.2776801836348979,-0.8330231868617654,-0.03255684298810136,0.33198223955300254,-0.8348203900493906,-2.94,-0.005330091015461336
1.52,-0.7677578431446471,0.26882101987771534,-0.826542463035689,-0.03779705068382466,0.32632671858559115,-0.8282938556776788,-2.94,-0.005655520967411398
1.54,-0.7624722325923851,0.25969656222906845,-0.8196033413605234,0.0727994087424829,0.3203511522165198,-0.8218868326333484,-2.918556929318129,-0.005975566369071372
1.56,-0.7573716893060527,0.25031581542704745,-0.8136165477435588,-0.039926824100909204,0.3111582602723534,-0.8156636674279013,-2.9133885309404377,-0.009192891944166393
1.58,-0.7524612469060774,0.24068803713619452,-0.8074553541346918,0.03584794762238769,0.3057765041874072,-0.8095481373441532,-2.756448532585864,-0.0053817560849461765
1.6,-0.7477457514062631,0.23082272881130714,-0.801556217780481,-0.02178638288558286,0.2985480136421437,-0.8035771770713104,-2.822036156542822,-0.007228490545263533
1.62,-0.7432298564313595,0.2207296263206486,-0.7957559464514805,0.007791319830105837,0.2916318067456075,-0.7977445409363982,-2.689580478662265,-0.006916206896536159
1.6400000000000001,-0.7389180186244961,0.2104186903378225,-0.7901189143728946,-0.01758350082702354,0.2841896391349219,-0.7920607481536998,-2.697218049616481,-0.007442167610685613
1.6600000000000001,-0.734814493249014,0.1999000965117892,-0.7846336918849479,-0.009719415241932062,0.2765221056194028,-0.7865303060413117,-2.6095460075235906,-0.007667533515519076
1.68,-0.7309233299890341,0.18918422542473015,-0.7793112471072251,-0.022254171338369048,0.26855180947956914,-0.7811592698517204,-2.5775264086364587,-0.007970296139833688
1.7,-0.727248368952908,0.1782816523476649,-0.7741534555363382,-0.022636592611151623,0.26031439077158547,-0.7759529820362886,-2.5094010762185235,-0.008237418707983668
1.72,-0.7237932368834952,0.16720313680393745,-0.7691694180080194,-0.030763285764775106,0.25180109326421507,-0.7709169601710043,-2.45955767572093,-0.008513297507370399
1.74,-0.7205613435790047,0.15595961195086366,-0.7643605714131665,-0.03427796808435374,0.24304037214507357,-0.7660561527281028,-2.3959028181739086,-0.008760721119141501
1.76,-0.7175558785279371,0.1445621737900267,-0.7597348044023902,-0.04095655751898869,0.23402346442614685,-0.7613756834395798,-2.3378831981316353,-0.009016907718926714
1.78,-0.7147798077614436,0.13302207021686155,-0.7552946283930837,-0.04583286044033097,0.224774983204733,-0.7568801837754852,-2.2735832136743284,-0.009248481221413862
1.8,-0.7122358709262115,0.12135068992034169,-0.751072454437012,0.034778050957625053,0.21529378733436078,-0.752574308028798,-1.9166663451686645,-0.009481195870372217
1.82,-0.7099265785807642,0.10955955114371664,-0.7469787123558993,0.0006739828264275788,0.2057293792812387,-0.7484597204431732,-1.9867332959446458,-0.009564408053122087
1.84,-0.7078542097178422,0.09766029031739781,-0.7431447908123727,0.015144040931008214,0.19562251319028556,-0.7445472701793675,-1.8326140057491784,-0.010106866090953126
1.86,-0.7060208095153131,0.08566465057520527,-0.739485278620843,0.00882385197578125,0.18561990648529814,-0.7408348720496616,-1.7762034375498388,-0.010002606704987427
1.8800000000000001,-0.7044281873178277,0.07358447016531379,-0.736044707935983,0.011427198644340808,0.17528545651507632,-0.73732916291936,-1.6757373712537174,-0.010334449970221815
1.9000000000000001,-0.7030779148512155,0.061431670767329874,-0.7328108008399522,0.010124492536757346,0.16483396542383733,-0.7340324836108832,-1.5906315204297243,-0.010451491091238996
1.92,-0.7019713246713806,0.0492182457270341,-0.729790953572601,0.010569469113704877,0.15419738084285817,-0.7309485359940261,-1.4981521100052078,-0.010636584580979158
1.94,-0.70110950884923,0.0369562482203964,-0.7269885426109027,0.010207875063502972,0.14340722361685543,-0.728080391521689,-1.4059736824046922,-0.010790157226002739
1.96,-0.700493317892932,0.02465777935854725,-0.7244049220826533,0.010224617120796971,0.1324761235898536,-0.725430869049892,-1.3123430106519436,-0.010931100027001817
1.98,-0.700123359908567,0.012334976245440821,-0.7220440297369656,0.010058565357055798,0.1214078108704314,-0.7230027128324833,-1.2173933037039433,-0.011068312719422213
2.0,-0.7,4.8091767343044744e-17,-0.7199073362065983,0.00997855600172117,0.1102201486848281,-0.7207983098587867,-1.1215552627814986,-0.011187662185603298
2.02,-0.700123359908567,-0.012334976245440726,-0.7179975108838199,0.00985624296994351,0.09891988149015651,-0.7188199122289836,-1.02464375694899,-0.011300267194671587
2.04,-0.700493317892932,-0.024657779358547155,-0.7163162117769184,0.00975227268439481,0.0875209649544395,-0.7170694929298947,-0.9269190229340438,-0.011398916535717007
2.06,-0.70110950884923,-0.036956248220396296,-0.7148663822708324,0.009614150778302832,0.07603351463844221,-0.7155488226371259,-0.8268481515420945,-0.011487450315997294
2.08,-0.7019713246713805,-0.049218245727034,-0.7136538910093062,0.00937371983298918,0.06447528799725988,-0.7142593168771807,-0.7181067921766271,-0.011558226641182334
2.1,-0.7030779148512155,-0.06143167076732977,-0.7126711633939636,0.009109824141079205,0.05287988079045347,-0.7132017192613717,-0.6127212643982602,-0.011595407206806407
2.12,-0.7044281873178277,-0.07358447016531386,-0.7119238306034427,0.008683913803829523,0.04121488038067944,-0.7123774216537581,-0.5053015380434545,-0.011665000409774029
2.14,-0.7060208095153131,-0.08566465057520535,-0.7114099930698177,0.008288631701003042,0.029515105440647837,-0.7117871195449451,-0.39850524460439374,-0.011699774940031604
2.16,-0.7078542097178422,-0.09766029031739788,-0.7111360186990571,0.0069635481448727336,0.017778916759877417,-0.7114315412097476,-0.29096184065247144,-0.01173618868077042
2.18,-0.7099265785807642,-0.10955955114371671,-0.711078253424286,0.001284359579360635,0.00604720059146413,-0.7113105971979183,-0.23132810521883584,-0.011731716168413286
2.2,-0.7122358709262115,-0.12135068992034177,-0.7112196983399145,-0.004486990726758614,-0.005788087509627782,-0.7114263589481109,-0.21047224192886915,-0.011835288101091912
2.22,-0.7147798077614436,-0.13302207021686163,-0.7117258965809163,-0.009875865306320996,-0.017800547107645337,-0.7117823698902638,-0.04251196118434564,-0.012012459598017555
2.24,-0.7175558785279371,-0.14456217379002675,-0.7123575813672163,-0.008093480204054268,-0.029149909735103896,-0.7123653680849659,0.03143344177033214,-0.011349362627458559
2.2600000000000002,-0.7205613435790047,-0.15595961195086375,-0.7132653733101908,-0.009382325839450062,-0.04101881105894212,-0.7131857443061447,0.15102698382190738,-0.011868901323838221
2.2800000000000002,-0.7237932368834951,-0.16720313680393736,-0.7143904727366234,-0.009290850174627347,-0.05263931786652132,-0.7142385306634751,0.2537554056082172,-0.0116205068075792
2.3000000000000003,-0.727248368952908,-0.178281652347665,-0.7157537644775275,-0.009722653305916484,-0.06428948108142318,-0.7155243202851036,0.3622274486419883,-0.011650163214901865
2.32,-0.7309233299890341,-0.1891842254247299,-0.7173430452239814,-0.00981019550178122,-0.07584782755753305,-0.7170412768362543,0.46425217160901866,-0.011558346476109871
2.34,-0.7348144932490139,-0.19990009651178908,-0.7191594008534504,-0.009922509633863652,-0.08735724012516266,-0.7187884216387576,0.5618506584731904,-0.011509412567629607
2.36,-0.7389180186244961,-0.21041869033782243,-0.7212054666064336,-0.01003628281678975,-0.09879308885522853,-0.7207642834158621,0.6607800341923848,-0.011435848730065867
2.38,-0.7432298564313594,-0.22072962632064852,-0.7234767134207701,-0.010138415663684676,-0.11012194912462914,-0.7229667223983547,0.7577745076106339,-0.011328860269400609
2.4,-0.7477457514062631,-0.23082272881130705,-0.7259721948587713,-0.010248974840924616,-0.12134518992746479,-0.725393626196904,0.8543920592392169,-0.011223240802835655
2.42,-0.7524612469060773,-0.24068803713619444,-0.7286887684356607,-0.010352212994413319,-0.13244526023653003,-0.7280425314016346,0.9497262780357687,-0.011100070309065235
2.44,-0.7573716893060527,-0.2503158154270474,-0.7316240338852064,-0.010457257166234368,-0.14341460435196018,-0.7309108234886738,1.0440551860750702,-0.010969344115430157
2.46,-0.7624722325923851,-0.25969656222906834,-0.7347749520597444,-0.010559582540130402,-0.1542409935358935,-0.7339956433593916,1.1371331988484599,-0.010826389183933305
2.48,-0.767757843144647,-0.2688210198777153,-0.7381384403231702,-0.010660745610108737,-0.164914455424513,-0.7372939324678819,1.2289251407306665,-0.010673461888619507
2.5,-0.773223304703363,-0.2776801836348979,-0.7417111532499879,-0.010760293649199238,-0.1754243219009638,-0.7408024189059011,1.3193260111827385,-0.010509866476450802
2.52,-0.7788632235178277,-0.2862653105755676,-0.7454895516110838,-0.01085800778603209,-0.18576035133919866,-0.7445176259326851,1.4082492987447495,-0.010336029438234862
2.54,-0.784672033669087,-0.29456792821592914,-0.7494698967107566,-0.01095401261119615,-0.19591241029001616,-0.7484358741384854,1.4956101451641644,-0.0101520589508175
2.56,-0.7906440025628276,-0.3025798428747586,-0.7536510925079474,0.05095755943372297,-0.2058705292603552,-0.7525532847236925,1.768530611581923,-0.009958118970339047
2.58,-0.7967732365867558,-0.3102931477595776,-0.7580191302620928,0.005016351566654872,-0.21561072039404217,-0.7568654991315734,1.7119329359524045,-0.00974019113368696
2.6,-0.8030536869268816,-0.3177002307697037,-0.7625831961076412,0.02340573827805977,-0.2251727833239442,-0.7613689547980523,1.85180639098769,-0.009562062929902027
2.62,-0.8094791555369673,-0.32479378200847375,-0.7673294331648434,0.003780249863007288,-0.23447979714663003,-0.766058550740985,1.873294269827511,-0.009307013822685839
2.64,-0.8160433012552508,-0.3315668009972302,-0.7722556433133481,0.007130248584750786,-0.24356934045203726,-0.7709299375500257,1.9607475869704558,-0.009089543305407233
2.66,-0.8227396460624072,-0.33801260358394714,-0.777359319945748,-0.003242154868205984,-0.2524200137452959,-0.7759783378249316,2.0076971933470986,-0.008850673293258615
2.68,-0.8295615814745712,-0.3441248285396829,-0.7826312100538074,-0.004882432149996178,-0.2610113076441156,-0.781198563977814,2.0757283039721415,-0.00859129389881974
2.7,-0.8365023750651133,-0.3498974438363441,-0.788069982717853,-0.011680327855856376,-0.2693558250565292,-0.7865856804789445,2.128381920477068,-0.008344517412413599
2.72,-0.843555177108732,-0.35532475259956925,-0.79366758646167,-0.014979448217913666,-0.2774259719543948,-0.7921341999180324,2.1878168512189404,-0.00807014689786556
2.74,-0.8507130273413048,-0.36040139873085575,-0.7994200791183917,-0.020162601796948548,-0.28522720439817406,-0.7978387440059959,2.2400840821791235,-0.007801232443779282
2.7600000000000002,-0.8579688618288305,-0.3651223721933831,-0.8053211088491328,-0.02394051789364345,-0.29274391355219365,-0.8036936222770398,2.2938773413276294,-0.007516709154019585
2.7800000000000002,-0.8653155199386771,-0.3694830139563138,-0.8113648967445706,-0.028262744129747448,-0.29997205544772143,-0.8096930633859942,2.3435445221374493,-0.007228141895527784
2.8000000000000003,-0.8727457514062631,-0.37347902059269444,-0.8175456945762161,-0.03200372015628477,-0.3069042733084626,-0.8158311488521635,2.392551819082996,-0.006932217860741163
2.82,-0.8802522234901926,-0.3771064485264187,-0.8238571194767763,-0.035776641827598474,-0.3135326445698827,-0.8221018017435611,2.438726640941468,-0.0066283712614201296
2.84,-0.8878275282087862,-0.38036171792406076,-0.8302931783769464,-0.039254766081491976,-0.3198520436600494,-0.8284988426167621,2.483251727569268,-0.006319399090166655
2.86,-0.8954641896508642,-0.3832416162277384,-0.8368473422258682,-0.04259397988525874,-0.3258550563695889,-0.8350159437441539,2.525409860082277,-0.0060030127095395125
2.88,-0.9031546713535687,-0.3857433013255205,-0.8435132522603668,-0.04571824562297336,-0.3315366456385027,-0.8416466766569239,2.56550882588715,-0.0056815892689138225
2.9,-0.9108913837399422,-0.38786430435624725,-0.8502842597986455,-0.04865406016124922,-0.33689065739787694,-0.8483844898048815,2.6033415083662703,-0.005354011759374222
2.92,-0.9186666916089238,-0.3896025321459994,-0.8571513325934549,-0.05132701455606078,-0.3419121590513913,-0.8552227329859092,2.635739436202357,-0.0050215016535143375
2.94,-0.9264729216703713,-0.3909562692738072,-0.864104281053902,-0.05382689159901564,-0.3466079453845822,-0.8621548918936008,2.6572232476097497,-0.004695786333190899
2.96,-0.9343023701176716,-0.3919241797645642,-0.8711446842469827,-0.05652590822736615,-0.3509904453188478,-0.8691747007999778,2.677839635873056,-0.004382499934265649
2.98,-0.9421473102304678,-0.39250530840747316,-0.8782650340884733,-0.058696485507158315,-0.35501312991742584,-0.8762749633983263,2.699272517996178,-0.004022684598578019
3.0,-0.95,-0.39269908169872414,-0.8854560228835472,-0.060734932167669266,-0.3586748295576331,-0.883448459989479,2.717417352452003,-0.003661699640207239
3.02,-0.957852689769532,-0.39250530840747316,-0.8927120904406864,-0.06257605238275227,-0.3619833344299239,-0.8906881266780774,2.734581169955163,-0.0033085048722908406
3.04,-0.9656976298823281,-0.3919241797645642,-0.9000255018587148,-0.06414368255717387,-0.3649276972082083,-0.8979866806222415,2.7503566741796703,-0.0029443627782843595
3.06,-0.9735270783296286,-0.3909562692738072,-0.9073888090846809,-0.06550840558119501,-0.3675078823545691,-0.9053368382693329,2.7643010756502235,-0.002580185146360825
3.08,-0.981333308391076,-0.38960253214599944,-0.9147949315153765,-0.06664055230375791,-0.36972249653197564,-0.9127312881999724,2.776829213160113,-0.0022146141774065375
3.1,-0.9891086162600576,-0.3878643043562473,-0.922238904024775,-0.0676038531945553,-0.3715684237234057,-0.9201626566744405,2.7911769166988734,-0.0018459271914300635
3.12,-0.996845328646431,-0.3857433013255205,-0.9297091846002461,-0.06810830330230516,-0.37303212310828004,-0.9276232991366061,2.8026578050640865,-0.0014636993848743396
3.14,-1.0045358103491357,-0.38324161622773845,-0.9371995965593862,-0.06859709579207764,-0.37413312874444826,-0.9351059617114951,2.8115111222699625,-0.0011010056361682174
3.16,-1.0121724717912137,-0.38036171792406076,-0.9447023057433527,-0.06872701015344809,-0.3748643761591375,-0.9426032492346779,2.818105281622252,-0.0007312474146892178
3.18,-1.0197477765098073,-0.3771064485264188,-0.9522100759683677,-0.06872903034615264,-0.3752273538322731,-0.9501077963113234,2.821962859634141,-0.0003629776731356449
3.2,-1.0272542485937368,-0.3734790205926945,-0.959715498172371,-0.06846058192142294,-0.37522086312684555,-0.9576122135738603,2.823461757671339,6.4907054275753495e-06
3.22,-1.0346844800613229,-0.3694830139563137,-0.9672111581957493,-0.06800352691069358,-0.37484490944475923,-0.9651091117627555,2.8223367611852836,0.0003759536820863163
3.24,-1.0420311381711695,-0.365122372193383,-0.97468973718881,-0.0673154996436664,-0.3740998998771011,-0.9725911097602975,2.818795011905422,0.0007450095676581059
3.2600000000000002,-1.049286972658695,-0.3604013987308557,-0.9821471184249333,-0.06650118536218284,-0.3729861773494253,-0.980050833307286,2.8171607491418627,0.0011137225276758311
3.2800000000000002,-1.0564448228912682,-0.3553247525995692,-0.9895727593513856,-0.06522410588169465,-0.3714885223316744,-0.9874806037539196,2.8143498036486108,0.0014976550177508985
3.3000000000000003,-1.0634976249348866,-0.34989744383634414,-0.9969588570408948,-0.06385366495793728,-0.36962432791750544,-0.9948730903122697,2.808619616756232,0.0018641944141689626
3.3200000000000003,-1.0704384185254288,-0.3441248285396828,-1.004299327231017,-0.06223328068033188,-0.3673978074226697,-1.002221046460723,2.8020664935262403,0.0022265204948357376
3.34,-1.0772603539375927,-0.3380126035839472,-1.0115861977762908,-0.06036574816034666,-0.36480513353287836,-1.0095171491313806,2.793771634087193,0.0025926738897913415
3.36,-1.0839566987447489,-0.33156680099723024,-1.0188123887652025,-0.05829962092302855,-0.3618525048422905,-1.0167541992282263,2.783758026978262,0.0029526286905878774
3.38,-1.0905208444630325,-0.3247937820084738,-1.0259708814790576,-0.056003636186098445,-0.3585422784891501,-1.0239250447980093,2.772308173966394,0.0033102263531403775
3.4,-1.096946313073118,-0.3177002307697038,-1.0330544687619478,-0.05348975645167647,-0.3548771579703025,-1.0310225879574153,2.7592331042519618,0.0036651205188475977
3.42,-1.103226763413244,-0.3102931477595777,-1.0400504837891247,-0.05061546592374181,-0.35086147325648076,-1.038039817422545,2.7369185179695705,0.004015684713821743
3.44,-1.1093559974371723,-0.30257984287475864,-1.0469550183721632,-0.047885392373203946,-0.346527568240238,-1.0449703687873497,2.70737747060366,0.004333905016242756
3.46,-1.115327966330913,-0.29456792821592914,-1.0537655355078348,-0.04495231333825259,-0.3418647397937491,-1.0518076635832248,2.677354121861754,0.004662828446488909
3.48,-1.121136776482172,-0.2862653105755677,-1.060473195129779,-0.04172319512652353,-0.3368562048716861,-1.0585447876806584,2.644402707856443,0.0050085349220629904
3.5,-1.1267766952966367,-0.27768018363489794,-1.0670723328049259,-0.03840942650348178,-0.33151750083428855,-1.0651751376973442,2.6092330994367785,0.005338704037397557
3.52,-1.132242156855353,-0.2688210198777154,-1.073555992762312,-0.03482089525490204,-0.3258491202521352,-1.0716921201023868,2.571885620689727,0.005668380582153354
3.54,-1.1375277674076147,-0.25969656222906856,-1.079917919591792,-0.03110479843150636,-0.31985887322651396,-1.0780892975669172,2.5321942453758766,0.0059902470256212315
3.56,-1.1426283106939472,-0.2503158154270474,-1.0861517736828024,-0.0271703689566168,-0.31355195551077575,-1.0843603366771326,2.4904103198336998,0.006306917715738214
3.58,-1.1475387530939225,-0.24068803713619452,-1.0922513882909188,-0.02307869076223211,-0.30693489705560073,-1.0904990346182446,2.4464120921925314,0.006617058455175018
3.6,-1.1522542485937368,-0.23082272881130717,-1.0982107442105742,-0.018801734681352822,-0.3000143015140899,-1.0964993206485265,2.400351666690767,0.00692059554151081
3.62,-1.1567701435686404,-0.2207296263206488,-1.1040239342938503,-0.014360601952280071,-0.292796996790331,-1.1023552605843332,2.3522087554638347,0.007217304723758922
3.64,-1.1610819813755038,-0.2104186903378224,-1.1096852217132402,-0.009751607825905185,-0.2852902354082676,-1.1080610652924985,2.3020675034065334,0.007506761382063409
3.66,-1.1651855067509858,-0.19990009651178922,-1.115189002693984,-0.004982873210326539,-0.27750142518872756,-1.113611093796273,2.2499583991261716,0.007788810219540032
3.68,-1.1690766700109658,-0.18918422542473004,-1.120529490265571,4.201664922460279e-05,-0.26943833658490957,-1.1189998605279712,2.195950207942815,0.008063088603817992
3.7,-1.1727516310470918,-0.17828165234766497,-1.1257022063557793,0.005108950554978398,-0.2611107039076044,-1.1242220746061233,2.1402898669753085,0.008327632677305186
3.72,-1.176206763116505,-0.16720313680393717,-1.130701314156598,0.010433657311235845,-0.25252278380362814,-1.129272530282196,2.0828103138128427,0.008587920103976243
3.74,-1.1794386564209953,-0.15595961195086355,-1.1355222904896691,0.01580979438383795,-0.2436867113219865,-1.1341462645086358,2.023499157778815,0.008836072481641644
3.7600000000000002,-1.182444121472063,-0.1445621737900266,-1.1401601762481324,0.02138858422556114,-0.23460915491196888,-1.1388384476068751,1.962625122371719,0.009077556410017618
3.7800000000000002,-1.1852201922385563,-0.1330220702168616,-1.1446104637443357,0.027054793553069518,-0.22530007995211987,-1.1433444492059175,1.9000234197205828,0.009309074959849006
3.8000000000000003,-1.1877641290737884,-0.12135068992034176,-1.1488687346809303,0.032874280776582256,-0.2157683266472632,-1.1476598157388627,1.8359371917399585,0.009531753304856672
3.8200000000000003,-1.1900734214192357,-0.10955955114371652,-1.1529307844397818,0.0387969014396968,-0.20602343369152676,-1.1517802844126932,1.7703024054151228,0.00974489295573644
3.84,-1.1921457902821577,-0.09766029031739802,-1.1567679748162474,-0.03161256219658891,-0.19607502921187958,-1.1557017849969309,1.4424184577769665,0.009948404479647177
3.86,-1.1939791904846868,-0.08566465057520567,-1.1604628930729721,-0.001759351877097832,-0.18605607834219717,-1.159422906563775,1.4925863486382696,0.010018950869682408
3.88,-1.1955718126821722,-0.07358447016531383,-1.1638948447899033,-0.014480778341339935,-0.1755445980460002,-1.1629337985246948,1.3427643833649654,0.010511480296196973
3.9,-1.1969220851487843,-0.06143167076732992,-1.1671411979921313,-0.008822812430483053,-0.1651362017944047,-1.1662365225605829,1.2795749037884434,0.010408396251595509
3.92,-1.1980286753286193,-0.04921824572703414,-1.170163437766137,-0.011159362946679196,-0.15443738668244,-1.1693252702942316,1.1778590404239822,0.010698815111964688
3.94,-1.1988904911507698,-0.036956248220396615,-1.1729711369809268,-0.0099595839124188,-0.14363526692316442,-1.1721979756326948,1.0892307527151388,0.010802119759275586
3.96,-1.199506682107068,-0.024657779358547124,-1.1755588533058086,-0.010355185696976911,-0.13267772563070546,-1.1748515301453089,0.9944046708249061,0.010957541292458961
3.98,-1.199876640091433,-0.01233497624544087,-1.1779232373868036,-0.010011766895259021,-0.12158893392812176,-1.1772833088238712,0.8997696231410828,0.0110887917025837
4.0,-1.2,-9.618353468608949e-17,-1.1800634321702226,-0.01001458217063845,-0.11038381306598177,-1.179490985085191,0.8039176672450594,0.011205120862139983
4.0200000000000005,-1.199876640091433,0.012334976245441026,-1.1819761076736064,-0.009851334755048898,-0.09906603960605165,-1.181472305877312,0.7069737347119371,0.011317773459930125
4.04,-1.199506682107068,0.024657779358546933,-1.183660154587629,-0.009765592018743639,-0.08765287216730755,-1.1832253633206582,0.6092925984933117,0.011413167438744098
4.0600000000000005,-1.1988904911507698,0.03695624822039643,-1.1851124215236213,-0.00961837884867433,-0.07615168281570384,-1.1847483969769723,0.50931335886753,0.011501189351603713
4.08,-1.1980286753286193,0.04921824572703396,-1.1863270076528563,-0.009380762043245335,-0.06458126902499028,-1.186040022357472,0.4004878153671143,0.011570413790713552
4.1,-1.1969220851487845,0.06143167076732938,-1.1873116998042323,-0.00911644079191466,-0.052975387479641256,-1.1870995301070648,0.2951388168125959,0.011605881545349028
4.12,-1.1955718126821722,0.07358447016531364,-1.188060716525934,-0.008689599807145492,-0.04130056438969909,-1.1879255413948588,0.1876560025928029,0.011674823089942166
4.14,-1.1939791904846868,0.08566465057520513,-1.1885761025568864,-0.008293025782942899,-0.029592369793763895,-1.188517388790734,0.08085112467369981,0.011708194595935195
4.16,-1.1921457902821577,0.09766029031739783,-1.1888516264914226,-0.007005071431308223,-0.017848438626356655,-1.1888743575632612,-0.026744723996216635,0.01174393116740724
4.18,-1.1900734214192359,0.10955955114371634,-1.188909837890525,-0.0012984243233989065,-0.006108974639066345,-1.1889965370560425,-0.08716622194970114,0.01173946398729031
4.2,-1.1877641290737884,0.12135068992034156,-1.1887707420343359,0.00442541826892276,0.0057285440836829515,-1.1888819661743688,-0.10687309381205523,0.011837518722749296
4.22,-1.1852201922385563,0.13302207021686144,-1.188264577946914,0.009902360433071966,0.01775274897889756,-1.188526911194791,-0.2756011640503857,0.012024204895214607
4.24,-1.182444121472063,0.14456217379002673,-1.187634034136284,0.00808394451780033,0.02910228237425594,-1.1879448655473057,-0.3493671625619754,0.01134953339535838
4.26,-1.1794386564209953,0.15595961195086339,-1.1867269275698962,0.009390380775514372,0.04097688857644388,-1.1871253277757767,-0.4690959684635345,0.011874606202187943
4.28,-1.1762067631165047,0.1672031368039373,-1.1856024896208366,0.009292789698553183,0.05260082226695717,-1.1860733113304376,-0.571962543090649,0.011623933690513288
4.3,-1.172751631047092,0.1782816523476648,-1.1842397956178181,0.009728803789303605,0.06425429286872286,-1.184788225473063,-0.6805291320183642,0.011653470601765692
4.32,-1.1690766700109658,0.18918422542473015,-1.1826509668400726,0.009816997687969235,0.07581562803426145,-1.1832719129123779,-0.78277400055822,0.011561335165538589
4.34,-1.165185506750986,0.19990009651178905,-1.1808350846812428,0.009930296639805321,0.08732730044543335,-1.181525366903469,-0.8804903790153276,0.011511672411171903
4.36,-1.1610819813755038,0.2104186903378225,-1.1787893915338994,0.010045044108522872,0.09876551652869492,-1.1795500565728951,-0.9796067409833995,0.011438216083261565
4.38,-1.1567701435686404,0.2207296263206486,-1.1765184850024564,0.01014800145380972,0.11009623982629502,-1.1773481317763692,-1.0767751032758497,0.011330723297600098
4.4,-1.1522542485937368,0.23082272881130728,-1.174023288556828,0.010259444655749841,0.12132118204359776,-1.1749217081354972,-1.1735904873276013,0.011224942217302747
4.42,-1.1475387530939227,0.24068803713619438,-1.1713069621430006,0.010363480599017857,0.1324226773145265,-1.1722732545892067,-1.2691300024250722,0.01110149527092874
4.44,-1.1426283106939472,0.25031581542704745,-1.1683719060792936,0.010469296750693023,0.14339325724526675,-1.1694053894443015,-1.363677337024228,0.010970579930740243
4.46,-1.1375277674076147,0.25969656222906845,-1.1652211653471782,0.010572352798967498,0.1542206933583945,-1.1663209755771335,-1.4569842311798311,0.010827436113127753
4.48,-1.1322421568553527,0.2688210198777155,-1.1618578262547228,0.010674193600991339,0.16489504245912778,-1.163023074727951,-1.549015313695918,0.010674349100733282
4.5,-1.126776695296637,0.2776801836348978,-1.158285237790966,0.01077437839833953,0.17540565479042924,-1.1595149616321425,-1.6396648485163041,0.010510612331301461
4.5200000000000005,-1.121136776482172,0.2862653105755678,-1.1545069426166448,0.010872673897947221,0.18574230654397006,-1.1558001155012632,-1.7288454221709344,0.010336651753540815
4.54,-1.115327966330913,0.29456792821592903,-1.150526682374442,0.010969211016878644,0.19589488142865874,-1.15188221787269,-1.81647140816699,0.010152574884688681
4.5600000000000005,-1.1093559974371723,0.30257984287475853,-1.1463484010512228,0.011063708057624041,0.2058534246863486,-1.147765149378963,-1.9024546966106755,0.009958543257689856
4.58,-1.103226763413244,0.3102931477595776,-1.1419762333564019,0.011156191500549853,0.21560818818989413,-1.143452985615165,-1.9867119562695734,0.009754763503545538
4.6000000000000005,-1.096946313073118,0.3177002307697039,-1.1374107260002764,-0.06291384995607147,0.22514960141641893,-1.1389499935868366,-2.293394246144544,0.009541413226524798
4.62,-1.0905208444630328,0.32479378200847375,-1.1326697408775683,-0.010369053566640567,0.23444940768621803,-1.1342610054331121,-2.212088565592694,0.009299806269799094
4.64,-1.0839566987447493,0.33156680099722996,-1.1277390419263653,-0.03302313478057219,0.2435652106640951,-1.1293897012198302,-2.3625932441289024,0.009115802977877063
4.66,-1.0772603539375927,0.3380126035839471,-1.1226376245697471,-0.011433919553205083,0.2523934399438632,-1.1243418324209529,-2.3737391663396465,0.008828229279768118
4.68,-1.070438418525429,0.34412482853968274,-1.1173653902642706,-0.016425182399194896,0.2609960302215908,-1.119121911816521,-2.4623751517115124,0.008602590277727584
4.7,-1.0634976249348866,0.3498974438363441,-1.1119259851812606,-0.005591324823073802,0.2693388266469199,-1.1137351352835827,-2.5040196400191235,0.008342796425329091
4.72,-1.0564448228912682,0.3553247525995691,-1.106329194231199,-0.004778386498545141,0.27740581144996224,-1.1081870190545835,-2.570141702149158,0.008066984803042354
4.74,-1.049286972658695,0.36040139873085575,-1.1005758643616979,0.0020536401020297404,0.2852111078625197,-1.1024827968973332,-2.61876457770677,0.00780529641255745
4.76,-1.0420311381711695,0.36512237219338295,-1.0946755855452075,0.004763743177153622,0.29272363095264153,-1.0966283242782804,-2.675107609965835,0.007512523090121848
4.78,-1.0346844800613229,0.3694830139563138,-1.0886316092292287,0.009738553301176827,0.2999555274194232,-1.0906292137298919,-2.7234890374058978,0.007231896466781684
4.8,-1.0272542485937368,0.37347902059269444,-1.0824509213254951,0.01305673548510152,0.30688680317745964,-1.0844914776663426,-2.7739418244123044,0.006931275758036426
4.82,-1.019747776509807,0.37710644852641884,-1.076139607109423,0.017049841119907344,0.3135157240784403,-1.0782211631847738,-2.8196990497697243,0.0066289209009806616
4.84,-1.0121724717912137,0.38036171792406076,-1.06970355426082,0.0203826854260414,0.31983567659104595,-1.071824449652953,-2.8649833817767103,0.006319952512605642
4.86,-1.0045358103491355,0.3832416162277385,-1.06314951676314,0.02377467470958087,0.32583871955842225,-1.0653076752617845,-2.907174604662032,0.006003042967376304
4.88,-0.9968453286464312,0.3857433013255204,-1.0570542979610007,-0.08727984316854706,0.331520940583544,-1.0586772564501137,-2.94,0.005682221025121725
4.9,-0.9891086162600575,0.3878643043562473,-1.0500436540440614,0.02085958029496909,0.33972840850471586,-1.0518826882800194,-2.94,0.008207467921171885
4.92,-0.9813333083910761,0.3896025321459994,-1.0431150301563998,-0.03345791506993642,0.3435517282649264,-1.045011653714721,-2.94,0.003823319760210553
4.94,-0.9735270783296285,0.3909562692738072,-1.03621418202536,-0.011453748560458532,0.3479397591338568,-1.0380528585320439,-2.94,0.004388030868930359
4.96,-0.9656976298823283,0.3919241797645642,-1.0290352103689648,-0.0025697554822790903,0.3525827607151588,-1.0310012033177407,-2.94,0.004643001581302042
4.98,-0.9578526897695319,0.39250530840747316,-1.0219419909941192,-0.012792345144749792,0.3559126029971649,-1.0238829512577974,-2.94,0.003329842282006057
5.0,-0.9500000000000001,0.39269908169872414,-1.0146928710705407,0.0023782634197359086,0.35970995497059566,-1.0166887521583854,-2.94,0.003797351973430785
5.0200000000000005,-0.9421473102304678,0.39250530840747316,-1.0074123182956651,-0.0025715736535158414,0.36272780420036455,-1.009434196074378,-2.94,0.0030178492297688875
5.04,-0.9343023701176718,0.3919241797645642,-1.0000849444792579,0.0027330286987430298,0.3655497408899666,-1.0021232012565786,-2.94,0.002821936689602067
5.0600000000000005,-0.9264729216703713,0.3909562692738072,-0.9926917138772701,0.004702676800968231,0.36806011404443284,-0.99476199897569,-2.94,0.0025103731544662278
5.08,-0.9186666916089239,0.38960253214599944,-0.9852773144151411,0.005143624646558895,0.3701251113417309,-0.9873594967488554,-2.94,0.0020649972972980324
5.1000000000000005,-0.9108913837399422,0.38786430435624725,-0.9778188888927745,0.007881320300594314,0.3719296533759947,-0.9799209036813354,-2.94,0.001804542034263834
5.12,-0.9031546713535687,0.3857433013255204,-0.9703400713732154,0.007973924203068751,0.37332108769602856,-0.9724544819274149,-2.94,0.0013914343200338575
5.14,-0.8954641896508647,0.3832416162277386,-0.9628428122048502,0.009164676279182538,0.37437940861175356,-0.9649668937551799,-2.94,0.0010583209157249973
5.16,-0.8878275282087862,0.38036171792406076,-0.9553329765944709,0.009479468721963315,0.37507641998032026,-0.9574653653555735,-2.94,0.0006970113685667023
5.18,-0.8802522234901926,0.3771064485264188,-0.947821485239196,0.009469675452547606,0.37540376552139154,-0.9499572900451456,-2.94,0.0003273455410712778
5.2,-0.8727457514062632,0.3734790205926945,-0.9403121669609892,0.009372128627382393,0.3753786691646638,-0.9424497166618524,-2.94,-2.509635672776067e-05
5.22,-0.8653155199386773,0.36948301395631383,-0.9328144550799397,0.008693401098128018,0.3749832351115595,-0.9349500519596212,-2.94,-0.00039543405310427104
5.24,-0.8579688618288306,0.36512237219338317,-0.9253347288577218,0.007868287489891799,0.37422796625554533,-0.9274654926345103,-2.94,-0.0007552688560141796
5.26,-0.850713027341305,0.36040139873085586,-0.9178803070062046,0.006634096243697716,0.3731085075820839,-0.9200033224828686,-2.94,-0.0011194586734614154
5.28,-0.8435551771087316,0.355324752599569,-0.9104587655192544,0.005092694443124913,0.3716256494873649,-0.9125708094931213,-2.94,-0.0014828580947190417
5.3,-0.8365023750651135,0.34989744383634436,-0.9030769616699214,0.003246982321563419,0.36978195227070465,-0.9051751704477072,-2.94,-0.0018436972166602228
5.32,-0.829561581474571,0.3441248285396828,-0.8957423634653288,0.0010535365618043603,0.36757690097675155,-0.8978236324281722,-2.94,-0.0022050512939530975
5.34,-0.8227396460624071,0.338012603583947,-0.8884619998123952,-0.001437896748047318,0.3650135870146082,-0.8905233606878801,-2.94,-0.0025633139621433765
5.36,-0.8160433012552508,0.33156680099723007,-0.8812430163615849,-0.004258152987290851,0.36209349278572167,-0.8832814908321657,-2.94,-0.002920094228886505
5.38,-0.8094791555369674,0.32479378200847386,-0.8740924978239104,-0.007389268610942563,0.3588193041230875,-0.8761051047497039,-2.94,-0.003274188662634181
5.4,-0.8030536869268817,0.31770023076970383,-0.8670174058520254,-0.010831197080888408,0.3551940544851434,-0.8690012236600011,-2.94,-0.0036252496379440835
5.42,-0.7967732365867559,0.3102931477595777,-0.8600247026663531,-0.014584296700956761,0.3512208463263472,-0.8619768067334741,-2.94,-0.003973208158796204
5.44,-0.7906440025628273,0.30257984287475825,-0.8531212246847891,-0.01864006444637584,0.3469035005176291,-0.8550387367231215,-2.94,-0.0043173458087181205
5.46,-0.7846720336690871,0.2945679282159294,-0.8463137487259819,-0.02299861328301398,0.3422459550785101,-0.8481938176215513,-2.94,-0.004657545439119004
5.48,-0.7788632235178277,0.2862653105755675,-0.8396089557603174,-0.027653670087793774,0.337252626040771,-0.8414487651007359,-2.94,-0.0049933290377390804
5.5,-0.7732233047033633,0.27768018363489827,-0.8330134243856939,-0.03260144210737299,0.3319282552847702,-0.8348101999950405,-2.94,-0.005324370756000785
5.5200000000000005,-0.767757843144647,0.2688210198777152,-0.8265336358660164,-0.03783738223744494,0.32627790620523456,-0.8282846418709358,-2.94,-0.005650349079535655
5.54,-0.7624722325923851,0.25969656222906834,-0.819595224383183,0.07279004385621594,0.3203070163681565,-0.8218785015435727,-2.9182804960926205,-0.005970889837078053
5.5600000000000005,-0.7573716893060527,0.2503158154270474,-0.8136092858487123,-0.039962073901784696,0.3111176753856515,-0.8156561480358596,-2.913127643777102,-0.009189340982505012
5.58,-0.7524612469060774,0.24068803713619455,-0.8074487622652705,0.03583756450220394,0.3057401947131744,-0.8095413441415962,-2.756192935937065,-0.00537748067247712
5.6000000000000005,-0.7477457514062631,0.23082272881130717,-0.8015502817683419,-0.021811506955314624,0.2985150542950371,-0.8035710430556955,-2.821829861330002,-0.007225140418137266
5.62,-0.7432298564313595,0.22072962632064883,-0.7957505753982711,0.007779821070789586,0.2916021266849117,-0.7977390005219973,-2.689373491904348,-0.006912927610125408
5.64,-0.7389180186244962,0.21041869033782273,-0.7901140705193049,-0.017601799333639583,0.2841627838688743,-0.7920557448446198,-2.697046280642894,-0.00743934281603742
5.66,-0.7348144932490142,0.19990009651178958,-0.7846293128020386,-0.009730510369541498,0.2764978863514539,-0.7865257871175908,-2.6093803410398095,-0.007664897517420388
5.68,-0.7309233299890342,0.18918422542473037,-0.7793072946779783,-0.02226785407254519,0.26852991406502214,-0.7811551888362903,-2.5773845178040347,-0.007967972286431757
5.7,-0.7272483689529079,0.1782816523476647,-0.7741498847510913,-0.022646538726763817,0.26029462862535213,-0.7759492962637833,-2.5092673678437905,-0.008235285439670004
5.72,-0.7237932368834952,0.16720313680393786,-0.7691661937161959,-0.03077382003450771,0.2517832393379804,-0.7709136314770236,-2.4594407478608673,-0.008511389287371718
5.74,-0.7205613435790046,0.1559596119508636,-0.7643576591725965,-0.03428649965809339,0.24302425068595646,-0.7660531464633045,-2.3957946752225325,-0.008758988652023958
5.76,-0.7175558785279371,0.14456217379002664,-0.7597321744205141,-0.04096487719710363,0.2340089032232967,-0.7613729683988385,-2.337787157141406,-0.00901534746265975
5.78,-0.7147798077614436,0.13302207021686163,-0.7552922530885472,-0.04583999119719115,0.2247618332953527,-0.7568777317329315,-2.2734954515111667,-0.009247069927943996
5.8,-0.7122358709262115,0.1213506899203418,-0.751070331899597,0.03478040601151357,0.21528191081167825,-0.752572093516698,-1.9165288788040016,-0.009479922483674463
5.82,-0.7099265785807642,0.1095595511437169,-0.7469767622871868,0.0006728462374021876,0.205718766594164,-0.7484577181848147,-1.986662627527494,-0.009563144217514252
5.84,-0.7078542097178422,0.09766029031739808,-0.7431430450987602,0.015144398370395204,0.19561276284672302,-0.7445454629278802,-1.8325255769527757,-0.010106003747440973
5.86,-0.7060208095153131,0.08566465057520502,-0.7394836951568642,0.008823581720832432,0.18561117791723536,-0.7408332393695355,-1.7761344699703159,-0.010001584929487661
5.88,-0.7044281873178279,0.07358447016531422,-0.7360432806418431,0.01142721788530936,0.17527753919518163,-0.7373276885856319,-1.6756705251111725,-0.010333638722053728
5.9,-0.7030779148512155,0.06143167076732962,-0.7328095107917895,0.010124385785757233,0.16482682895313794,-0.7340311520065692,-1.5905729077254591,-0.010450710242043693
5.92,-0.7019713246713805,0.04921824572703385,-0.7297897887653949,0.010569435154541498,0.15419093060204503,-0.7309473333945283,-1.4980985727004281,-0.01063589835109291
5.94,-0.70110950884923,0.036956248220396316,-0.7269874905955406,0.010207811480621309,0.14340139958082476,-0.7280793054029119,-1.4059254940274286,-0.010789531021220267
5.96,-0.700493317892932,0.024657779358547172,-0.7244039719354337,0.010224577379419337,0.13247086351304282,-0.7254298881326511,-1.3122994680516058,-0.010930536067781937
5.98,-0.700123359908567,0.012334976245440917,-0.7220431716569413,0.010058520054474641,0.12140306013433355,-0.7230018269299644,-1.2173539653662147,-0.011067803378709273
6.0,-0.7,1.4427530202913423e-16,-0.7199065612187299,0.00997851997031216,0.11021585828470681,-0.7207975097642703,-1.121519748275091,-0.011187201849626738
6.0200000000000005,-0.7001233599085671,-0.012334976245441326,-0.7179968109743279,0.009856208004508529,0.09891600655081378,-0.718819189633254,-1.0246116739575655,-0.01129985173389303
6.04,-0.700493317892932,-0.024657779358546884,-0.716315579656285,0.009752242257312967,0.08751746540697936,-0.7170688403251144,-0.9268900508672004,-0.011398541143834429
6.0600000000000005,-0.70110950884923,-0.036956248220396726,-0.7148658133337463,0.00961408518760581,0.07603035403527525,-0.715548233244409,-0.8268192575385456,-0.011487111371704106
6.08,-0.7019713246713805,-0.049218245727033566,-0.7136533760151355,0.009373672868878887,0.06447244331182933,-0.7142587843781724,-0.718082042209744,-0.011557910723445919
6.1000000000000005,-0.7030779148512155,-0.06143167076733003,-0.7126706988560441,0.00910974612716816,0.05287730581959971,-0.7132012382617804,-0.6126982148515481,-0.011595137492229624
6.12,-0.7044281873178277,-0.07358447016531394,-0.711923410550867,0.00868383571074042,0.041212557691081564,-0.7123769871079587,-0.5052812787872654,-0.011664748128518143
6.140000000000001,-0.7060208095153131,-0.08566465057520542,-0.7114096138520339,0.008288563355615557,0.02951300517776978,-0.7117867270044034,-0.39848661398866625,-0.011699552513311784
6.16,-0.7078542097178422,-0.09766029031739779,-0.7111356812793808,0.006962428839073295,0.017777020670958765,-0.7114311865909841,-0.2909451867410553,-0.011735984506811015
6.18,-0.7099265785807641,-0.10955955114371661,-0.7110779280496858,0.0012839796000317792,0.006045513493083132,-0.7113102763211225,-0.23133311621666053,-0.011731507177875633
6.2,-0.7122358709262115,-0.12135068992034151,-0.711219437111979,-0.004488676140451289,-0.005789714382628541,-0.7114260706087752,-0.21044591350971587,-0.011835227875711674
6.22,-0.7147798077614436,-0.13302207021686138,-0.7117256374256792,-0.00987521799598905,-0.017801853247322863,-0.7117821076737216,-0.0425057079492035,-0.012012138864694322
6.24,-0.717555878527937,-0.14456217379002634,-0.7123573546329716,-0.008093808840619745,-0.029151205511289136,-0.7123651317839474,0.031445990733573126,-0.011349352263966273
6.26,-0.7205613435790046,-0.15595961195086336,-0.7132651666520603,-0.009382240758728198,-0.041019944730165125,-0.7131855306785507,0.1510370959873626,-0.01186873921887599
6.28,-0.7237932368834952,-0.16720313680393759,-0.7143902860406691,-0.009290912362549841,-0.05264035115717436,-0.7142383377016942,0.25376415883238224,-0.011620406427009233
6.3,-0.7272483689529079,-0.17828165234766444,-0.7157535963003718,-0.009722661541467888,-0.06429041456119389,-0.715524145992918,0.3622360789486265,-0.011650063404019528
6.32,-0.7309233299890341,-0.18918422542473012,-0.7173428923566694,-0.009810199212925941,-0.07584866844331128,-0.7170411193617843,0.4642587058241361,-0.011558253882117397
6.34,-0.734814493249014,-0.1999000965117893,-0.7191592632930691,-0.009922519644964007,-0.08735800446172337,-0.7187882794510188,0.5618571919785609,-0.011509336018412086
6.36,-0.7389180186244961,-0.21041869033782248,-0.7212053421324404,-0.010036286878308102,-0.09879377665713507,-0.7207641549841615,0.66078563668475,-0.011435772195411698
6.38,-0.7432298564313595,-0.22072962632064858,-0.723476601106705,-0.01013842205749384,-0.11012257149459581,-0.7229666064140534,0.7577796971175985,-0.011328794837460743
6.4,-0.7477457514062631,-0.23082272881130697,-0.7259720933839088,-0.010248979472481717,-0.12134575149779059,-0.7253935214440093,0.85439669540267,-0.011223180003194777
6.42,-0.7524612469060773,-0.24068803713619433,-0.7286886768020272,-0.01035221748050004,-0.1324457676108426,-0.7280424367962262,0.949730481725851,-0.011100016113052003
6.44,-0.7573716893060528,-0.2503158154270477,-0.7316239511251473,-0.01045726126012595,-0.14341506252012803,-0.7309107380466288,1.0440589788357784,-0.010969294909285443
6.46,-0.762472232592385,-0.2596965622290681,-0.7347748773150388,-0.010559586104531353,-0.15424140733618807,-0.7339955661933525,1.1371366238820428,-0.01082634481606004
6.48,-0.7677578431446472,-0.26882101987771545,-0.7381383728194858,-0.010660748950495617,-0.16491482914804234,-0.7372938627763134,1.228928234998989,-0.010673421811854267
6.5,-0.7732233047033632,-0.27768018363489805,-0.7417110922839119,-0.010760296583056772,-0.175424659419387,-0.7408023559647011,1.31932880489137,-0.010509830271344667
6.5200000000000005,-0.7788632235178279,-0.28626531057556776,-0.7454894965506976,-0.010858010484393244,-0.18576065616958015,-0.7445175690880927,1.4082518222631961,-0.010335996750193144
6.54,-0.784672033669087,-0.2945679282159292,-0.7494698469833496,-0.010954015023090614,-0.19591268559194686,-0.7484358227999317,1.495612424005344,-0.010152029422366704
6.5600000000000005,-0.7906440025628275,-0.30257984287475853,-0.7536510475718786,0.05095733635121854,-0.2058707778973895,-0.7525532383578795,1.7685319902449237,-0.009958092305442645
6.58,-0.7967732365867558,-0.31029314775957756,-0.758019089725594,0.005016275293122352,-0.21561094507438594,-0.7568654572593672,1.7119346012216283,-0.00974016717699644
6.6000000000000005,-0.8030536869268816,-0.31770023076970366,-0.7625831594588933,0.023405599381458732,-0.2251729860064383,-0.7613689169794959,1.8518076402017414,-0.009562040932052374
6.62,-0.8094791555369671,-0.3247937820084737,-0.76732940008585,0.0037801630826278542,-0.2344799803903691,-0.7660585165873033,1.8732955378898168,-0.009306994383930789
6.640000000000001,-0.816043301255251,-0.3315668009972303,-0.7722556134325255,0.007130148451147525,-0.24356950584700499,-0.7709299067042434,1.9607486591096404,-0.009089525456635883
6.66,-0.8227396460624069,-0.3380126035839469,-0.7773592929590534,-0.0032422325590442096,-0.2524201631494072,-0.7759783099672316,2.007698199466404,-0.008850657302402198
6.68,-0.8295615814745709,-0.3441248285396827,-0.7826311856837856,-0.004882510134352676,-0.2610114425775878,-0.7811985388187833,2.0757291922805052,-0.00859127942818061
6.7,-0.8365023750651134,-0.3498974438363442,-0.7880699607005595,-0.011680391776126384,-0.26935594690663867,-0.7865856577569161,2.1283827344863084,-0.008344504329050872
6.72,-0.8435551771087315,-0.3553247525995689,-0.7936675665867049,-0.014979511043696684,-0.2774260820408603,-0.7921341793977333,2.1878175823215997,-0.008070135134221612
6.74,-0.8507130273413048,-0.36040139873085575,-0.7994200611624378,-0.020162654518884902,-0.28522730377299965,-0.7978387254731933,2.240084746469961,-0.007801221732139374
6.76,-0.8579688618288305,-0.36512237219338306,-0.8053210926360437,-0.023940568485484724,-0.2927440033319634,-0.8036936055398326,2.2938779367772213,-0.007516699558963724
6.78,-0.8653155199386771,-0.3694830139563137,-0.8113648821006229,-0.028262787768929654,-0.2999721365131669,-0.8096930482700959,2.3435450639922237,-0.007228133181203522
6.8,-0.872745751406263,-0.37347902059269444,-0.8175456813513465,-0.03200376089458079,-0.30690434652820064,-0.81583113520066,2.392552305163804,-0.006932210015033746
6.82,-0.8802522234901925,-0.3771064485264187,-0.8238571075330579,-0.03577667781496155,-0.31353271069422983,-0.8221017894145446,2.4387270822438722,-0.006628364166029188
6.84,-0.8878275282087861,-0.38036171792406076,-0.83029316759011,-0.039254799044752965,-0.3198521033786411,-0.8284988314821174,2.4832521245789394,-0.006319392684411285
6.86,-0.8954641896508645,-0.38324161622773856,-0.8368473324841724,-0.04259400940738967,-0.3258551103037727,-0.8350159336881929,2.5254102195482346,-0.00600300692513156
6.88,-0.9031546713535685,-0.38574330132552037,-0.8435132434622562,-0.04571827241110373,-0.3315366943469805,-0.8416466675751325,2.5655091499858145,-0.0056815840432078435
6.9,-0.9108913837399424,-0.3878643043562473,-0.8502842518529421,-0.04865408429702277,-0.3368907013884309,-0.8483844816029011,2.6033418013388427,-0.005354007041450393
6.92,-0.9186666916089239,-0.38960253214599944,-0.8571513253422729,-0.05132703442998899,-0.34191219877990897,-0.8552227255784993,2.635739599607973,-0.005021497391478058
6.94,-0.9264729216703714,-0.3909562692738072,-0.8641042745203031,-0.05382691556867245,-0.34660798164049267,-0.8621548852113092,2.6572233883669014,-0.004695782860583697
6.96,-0.9343023701176716,-0.3919241797645642,-0.8711446783685202,-0.05652592618360112,-0.35099047798684224,-0.869174694771046,2.6778397966260172,-0.004382496346349574
6.98,-0.9421473102304678,-0.39250530840747316,-0.8782650287696184,-0.05869650249194426,-0.3550131593097383,-0.8762749579572408,2.699272641698826,-0.004022681322896071
7.0,-0.9499999999999998,-0.39269908169872414,-0.885456018089178,-0.06073494804370318,-0.3586748561519071,-0.8834484550802789,2.7174174688096855,-0.0036616968421687712
7.0200000000000005,-0.9578526897695323,-0.39250530840747316,-0.8927120861154344,-0.0625760660848957,-0.36198335840177176,-0.8906881222483144,2.7345812780798724,-0.0033085022498646754
7.04,-0.9656976298823281,-0.3919241797645642,-0.900025497953745,-0.0641436951983792,-0.3649277188344685,-0.8979866766250038,2.750356768045208,-0.0029443604326967465
7.0600000000000005,-0.9735270783296287,-0.39095626927380717,-0.9073888055623713,-0.06550841697894061,-0.3675079018794186,-0.9053368346625921,2.764301162035167,-0.002580183044950113
7.08,-0.9813333083910758,-0.3896025321459995,-0.9147949283368123,-0.06664056251202834,-0.3697225141435223,-0.9127312849454625,2.776829290998535,-0.002214612264103688
7.1000000000000005,-0.9891086162600577,-0.38786430435624725,-0.9222389011919883,-0.06760386338399277,-0.3715684396162272,-0.920162653737787,2.791177034258112,-0.0018459254727049013
7.12,-0.9968453286464312,-0.3857433013255204,-0.9297091820242738,-0.06810830929447037,-0.3730321372722145,-0.9276232964832314,2.8026578973320966,-0.001463697655987306
7.140000000000001,-1.0045358103491355,-0.38324161622773845,-0.9371995942406527,-0.06859710433133587,-0.3741331416243088,-0.9351059593157176,2.8115112066635675,-0.0011010043520942592
7.16,-1.0121724717912137,-0.3803617179240608,-0.9447023036462576,-0.06872701550091509,-0.3748643877528052,-0.9426032470707737,2.8181053607165722,-0.0007312461284963989
7.18,-1.0197477765098073,-0.37710644852641884,-0.9522100740753373,-0.06872903674979434,-0.3752273643177484,-0.9501077943571287,2.8219629277419926,-0.00036297656494321817
7.2,-1.0272542485937368,-0.37347902059269455,-0.9597154964626549,-0.06846058674461285,-0.37522087259199755,-0.9576122118089686,2.8234618218149308,6.491725750845667e-06
7.22,-1.0346844800613226,-0.36948301395631383,-0.9672111566514785,-0.06800353181159648,-0.37484491799333886,-0.9651091101688354,2.8223368173262315,0.00037595459865868985
7.24,-1.0420311381711693,-0.36512237219338317,-0.9746897357802441,-0.06731550341577185,-0.37409990759845413,-0.9725911083208044,2.8187950447240837,0.0007450103948847264
7.26,-1.0492869726586949,-0.36040139873085586,-0.9821471171548041,-0.06650119002458087,-0.37298618439225384,-0.9800508320086495,2.8171607759522885,0.00111372320620029
7.28,-1.0564448228912682,-0.355324752599569,-0.9895727582090336,-0.06522410939916849,-0.3714885286823205,-0.987480602582296,2.814349834854852,0.001497655709933321
7.3,-1.0634976249348864,-0.34989744383634436,-0.9969588560073079,-0.06385366824101059,-0.3696243336292643,-0.9948730892548813,2.8086196409257127,0.001864195053056239
7.32,-1.0704384185254288,-0.34412482853968285,-1.0042993262992086,-0.06223328377268465,-0.3673978125906041,-1.0022210455066933,2.802066515991669,0.0022265210386601675
7.34,-1.077260353937593,-0.338012603583947,-1.0115861969357627,-0.060365750826139875,-0.3648051381919215,-1.0095171482705318,2.793771655112323,0.002592674398682604
7.36,-1.083956698744749,-0.33156680099723007,-1.0188123880063191,-0.058299623377754003,-0.36185250904493205,-1.0167541984514306,2.7837580452053317,0.0029526291469894606
7.38,-1.0905208444630325,-0.32479378200847386,-1.0259708807945336,-0.05600363840368047,-0.3585422822835671,-1.023925044097102,2.772308190716899,0.0033102267613649428
7.4,-1.096946313073118,-0.31770023076970383,-1.0330544681442433,-0.05348975843608619,-0.35487716139292247,-1.0310225873249603,2.759233119370265,0.0036651208906446353
7.42,-1.103226763413244,-0.3102931477595778,-1.0400504832386128,-0.05061546790445485,-0.35086147634500353,-1.0380398168518603,2.736918540801298,0.004015685047918938
7.44,-1.1093559974371725,-0.30257984287475825,-1.0469550178715632,-0.047885393538540204,-0.3465275709927984,-1.0449703682717162,2.707377488523889,0.004333905352205125
7.46,-1.1153279663309128,-0.2945679282159294,-1.0537655350572246,-0.044952314998064104,-0.341864742296748,-1.0518076631176512,2.67735413825244,0.004662828696050392
7.48,-1.1211367764821722,-0.28626531057556753,-1.060473194722243,-0.04172319616643344,-0.3368562071247383,-1.058544787260146,2.644402723218491,0.00500853517200972
7.5,-1.1267766952966367,-0.27768018363489827,-1.0670723324370461,-0.03840942774816028,-0.3315175028719686,-1.0651751373175853,2.609233112664697,0.0053387042527697215
7.5200000000000005,-1.132242156855353,-0.26882101987771523,-1.0735559924300586,-0.0348208961927814,-0.3258491220915338,-1.071692119759416,2.571885633148213,0.005668380780434745
7.54,-1.1375277674076147,-0.2596965622290684,-1.0799179192916895,-0.03110479938405133,-0.31985887488778064,-1.0780892972571716,2.532194256280036,0.005990247203753185
7.5600000000000005,-1.1426283106939472,-0.2503158154270474,-1.0861517734118162,-0.027170369761196553,-0.3135519570112888,-1.0843603363973975,2.4904103298936207,0.0063069178764918465
7.58,-1.1475387530939225,-0.2406880371361946,-1.0922513880461515,-0.023078691516054066,-0.30693489841053134,-1.090499034365608,2.4464121011578754,0.006617058600757453
7.6000000000000005,-1.1522542485937368,-0.23082272881130722,-1.0982107439895428,-0.018801735350239025,-0.3000143027379265,-1.0964993204203666,2.400351674849844,0.0069205956726048345
7.62,-1.1567701435686404,-0.22072962632064888,-1.1040239340942177,-0.014360602560747771,-0.2927969978954881,-1.1023552603782762,2.35220876280232,0.007217304842438432
7.640000000000001,-1.1610819813755038,-0.2104186903378222,-1.109685221532956,-0.009751608374464277,-0.28529023640643025,-1.108061065106405,2.3020675100462995,0.007506761489057823
7.66,-1.1651855067509858,-0.1999000965117896,-1.1151890025311613,-0.004982873705440444,-0.2775014260901487,-1.113611093628208,2.249958405118605,0.007788810316281536
7.68,-1.1690766700109658,-0.18918422542473043,-1.1205294901185605,4.20161912931034e-05,-0.2694383373990228,-1.1189998603761884,2.1959502133545357,0.00806308869112593
7.7,-1.172751631047092,-0.17828165234766474,-1.12570220622296,0.005108950154152772,-0.2611107046426575,-1.1242220744690414,2.140289871842242,0.008327632756365277
7.72,-1.1762067631165047,-0.1672031368039379,-1.1307013140366786,0.010433656936427914,-0.2525227844677236,-1.129272530158396,2.0828103182109317,0.008587920174933927
7.74,-1.1794386564209953,-0.15595961195086366,-1.1355222903813498,0.015809794056008616,-0.24368671192158353,-1.1341462643968276,2.0234991617608102,0.00883607254614005
7.76,-1.182444121472063,-0.14456217379002667,-1.1401601761503137,0.021388583921668765,-0.23460915545356564,-1.138838447505899,1.962625125954446,0.009077556468017889
7.78,-1.1852201922385563,-0.1330220702168617,-1.144610463655991,0.027054793283879587,-0.22530008044121308,-1.1433444491147233,1.9000234229686157,0.009309075012352563
7.8,-1.1877641290737884,-0.12135068992034184,-1.148868734601144,0.03287428053012423,-0.21576832708898652,-1.147659815656503,1.8359371946635292,0.009531753352226557
7.82,-1.1900734214192357,-0.10955955114371695,-1.1529307843677257,0.038796901219100115,-0.20602343409045876,-1.1517802843383123,1.7703024080622072,0.009744892998527765
7.84,-1.1921457902821577,-0.09766029031739812,-1.1567679747518658,-0.03161256212353918,-0.19607502957216028,-1.1557017849297555,1.4424184619590505,0.009948404518298481
7.86,-1.1939791904846868,-0.08566465057520507,-1.1604628930138106,-0.0017593519122764388,-0.18605607866410523,-1.1594229065030377,1.4925863507710346,0.010018950908055047
7.88,-1.1955718126821722,-0.07358447016531426,-1.163894844736947,-0.01448077833030224,-0.17554459834180802,-1.1629337984698738,1.342764386046838,0.010511480322297206
7.9,-1.1969220851487843,-0.06143167076732967,-1.167141197944095,-0.008822812438789141,-0.16513620205918622,-1.1662365225110576,1.2795749058761885,0.010408396282621801
7.92,-1.1980286753286193,-0.04921824572703389,-1.1701634377228396,-0.011159362946054975,-0.1544373869226212,-1.16932527024951,1.1778590424496542,0.01069881513656501
7.94,-1.1988904911507698,-0.036956248220396365,-1.172971136941793,-0.009959583915677507,-0.14363526713965125,-1.172197975592303,1.089230754490245,0.010802119782969966
7.96,-1.199506682107068,-0.02465777935854722,-1.1755588532704742,-0.010355185698012645,-0.1326777258263745,-1.1748515301088305,0.9944046724465352,0.010957541313276753
7.98,-1.199876640091433,-0.012334976245440965,-1.177923237354891,-0.010011766897250697,-0.12158893410479377,-1.1772833087909262,0.899769624600367,0.011088791721580726
